<?xml version="1.0" encoding="UTF-8"?>
<DEFECTS>
  <DEFECT>
    <SFA>
      <FILEPATH>C:\Users\Aleksandr\source\repos\RGR Big Number\RGR Big Number\</FILEPATH>
      <FILENAME>BigNumber.cpp</FILENAME>
      <LINE>38</LINE>
      <COLUMN>16</COLUMN>
    </SFA>
    <DEFECTCODE>6386</DEFECTCODE>
    <DESCRIPTION>Переполнение буфера при записи в "number".</DESCRIPTION>
    <FUNCTION>BigNumber::{ctor}</FUNCTION>
    <DECORATED>??0BigNumber@@QEAA@AEBV0@@Z</DECORATED>
    <FUNCLINE>31</FUNCLINE>
    <PROBABILITY>1</PROBABILITY>
    <RANK>4</RANK>
    <CATEGORY>
      <RULECATEGORY>mspft</RULECATEGORY>
    </CATEGORY>
    <PATH>
      <SFA>
        <FILEPATH>C:\Users\Aleksandr\source\repos\RGR Big Number\RGR Big Number\</FILEPATH>
        <FILENAME>BigNumber.cpp</FILENAME>
        <LINE>33</LINE>
        <COLUMN>8</COLUMN>
      </SFA>
      <SFA>
        <FILEPATH>C:\Users\Aleksandr\source\repos\RGR Big Number\RGR Big Number\</FILEPATH>
        <FILENAME>BigNumber.cpp</FILENAME>
        <LINE>34</LINE>
        <COLUMN>12</COLUMN>
      </SFA>
      <SFA>
        <FILEPATH>C:\Users\Aleksandr\source\repos\RGR Big Number\RGR Big Number\</FILEPATH>
        <FILENAME>BigNumber.cpp</FILENAME>
        <LINE>35</LINE>
        <COLUMN>10</COLUMN>
      </SFA>
      <SFA>
        <FILEPATH>C:\Users\Aleksandr\source\repos\RGR Big Number\RGR Big Number\</FILEPATH>
        <FILENAME>BigNumber.cpp</FILENAME>
        <LINE>37</LINE>
        <COLUMN>15</COLUMN>
      </SFA>
      <SFA>
        <FILEPATH>C:\Users\Aleksandr\source\repos\RGR Big Number\RGR Big Number\</FILEPATH>
        <FILENAME>BigNumber.cpp</FILENAME>
        <LINE>37</LINE>
        <COLUMN>24</COLUMN>
        <KEYEVENT>
          <ID>1</ID>
          <KIND>branch</KIND>
          <IMPORTANCE>Full</IMPORTANCE>
          <MESSAGE>Войти в этот цикл (предполагается "i&lt;other_.size")</MESSAGE>
        </KEYEVENT>
      </SFA>
      <SFA>
        <FILEPATH>C:\Users\Aleksandr\source\repos\RGR Big Number\RGR Big Number\</FILEPATH>
        <FILENAME>BigNumber.cpp</FILENAME>
        <LINE>38</LINE>
        <COLUMN>16</COLUMN>
      </SFA>
      <SFA>
        <FILEPATH>C:\Users\Aleksandr\source\repos\RGR Big Number\RGR Big Number\</FILEPATH>
        <FILENAME>BigNumber.cpp</FILENAME>
        <LINE>37</LINE>
        <COLUMN>40</COLUMN>
        <KEYEVENT>
          <ID>2</ID>
          <KIND>declaration</KIND>
          <IMPORTANCE>Essential</IMPORTANCE>
          <MESSAGE>"i" может быть равно 1</MESSAGE>
        </KEYEVENT>
      </SFA>
      <SFA>
        <FILEPATH>C:\Users\Aleksandr\source\repos\RGR Big Number\RGR Big Number\</FILEPATH>
        <FILENAME>BigNumber.cpp</FILENAME>
        <LINE>37</LINE>
        <COLUMN>24</COLUMN>
        <KEYEVENT>
          <ID>3</ID>
          <KIND>branch</KIND>
          <IMPORTANCE>Full</IMPORTANCE>
          <MESSAGE>Продолжить этот цикл (предполагается "i&lt;other_.size")</MESSAGE>
        </KEYEVENT>
      </SFA>
      <SFA>
        <FILEPATH>C:\Users\Aleksandr\source\repos\RGR Big Number\RGR Big Number\</FILEPATH>
        <FILENAME>BigNumber.cpp</FILENAME>
        <LINE>38</LINE>
        <COLUMN>16</COLUMN>
        <KEYEVENT>
          <ID>4</ID>
          <KIND>declaration</KIND>
          <IMPORTANCE>Full</IMPORTANCE>
          <MESSAGE>"i" является аргументом ввода-вывода для "BigNumber::[]" (объявлено в c:\users\aleksandr\source\repos\rgr big number\rgr big number\bignumber.h: 38)</MESSAGE>
        </KEYEVENT>
      </SFA>
      <SFA>
        <FILEPATH>C:\Users\Aleksandr\source\repos\RGR Big Number\RGR Big Number\</FILEPATH>
        <FILENAME>BigNumber.cpp</FILENAME>
        <LINE>38</LINE>
        <COLUMN>16</COLUMN>
        <KEYEVENT>
          <ID>5</ID>
          <KIND>usage</KIND>
          <IMPORTANCE>Essential</IMPORTANCE>
          <MESSAGE>Недопустимая операция записи в "number[1]" (доступный для записи диапазон: от 0 до 0)</MESSAGE>
        </KEYEVENT>
      </SFA>
    </PATH>
  </DEFECT>
  <DEFECT>
    <SFA>
      <FILEPATH>C:\Users\Aleksandr\source\repos\RGR Big Number\RGR Big Number\</FILEPATH>
      <FILENAME>BigNumber.cpp</FILENAME>
      <LINE>122</LINE>
      <COLUMN>16</COLUMN>
    </SFA>
    <DEFECTCODE>6386</DEFECTCODE>
    <DESCRIPTION>Переполнение буфера при записи в "number".</DESCRIPTION>
    <FUNCTION>BigNumber::=</FUNCTION>
    <DECORATED>??4BigNumber@@QEAAAEAV0@AEBV0@@Z</DECORATED>
    <FUNCLINE>111</FUNCLINE>
    <PROBABILITY>1</PROBABILITY>
    <RANK>4</RANK>
    <CATEGORY>
      <RULECATEGORY>mspft</RULECATEGORY>
    </CATEGORY>
    <PATH>
      <SFA>
        <FILEPATH>C:\Users\Aleksandr\source\repos\RGR Big Number\RGR Big Number\</FILEPATH>
        <FILENAME>BigNumber.cpp</FILENAME>
        <LINE>113</LINE>
        <COLUMN>19</COLUMN>
        <KEYEVENT>
          <ID>1</ID>
          <KIND>branch</KIND>
          <IMPORTANCE>Full</IMPORTANCE>
          <MESSAGE>Войти в эту ветвь (предполагается "other_.size&gt;=capacity")</MESSAGE>
        </KEYEVENT>
      </SFA>
      <SFA>
        <FILEPATH>C:\Users\Aleksandr\source\repos\RGR Big Number\RGR Big Number\</FILEPATH>
        <FILENAME>BigNumber.cpp</FILENAME>
        <LINE>115</LINE>
        <COLUMN>17</COLUMN>
      </SFA>
      <SFA>
        <FILEPATH>C:\Users\Aleksandr\source\repos\RGR Big Number\RGR Big Number\</FILEPATH>
        <FILENAME>BigNumber.cpp</FILENAME>
        <LINE>116</LINE>
        <COLUMN>15</COLUMN>
      </SFA>
      <SFA>
        <FILEPATH>C:\Users\Aleksandr\source\repos\RGR Big Number\RGR Big Number\</FILEPATH>
        <FILENAME>BigNumber.cpp</FILENAME>
        <LINE>117</LINE>
        <COLUMN>13</COLUMN>
      </SFA>
      <SFA>
        <FILEPATH>C:\Users\Aleksandr\source\repos\RGR Big Number\RGR Big Number\</FILEPATH>
        <FILENAME>BigNumber.cpp</FILENAME>
        <LINE>120</LINE>
        <COLUMN>8</COLUMN>
      </SFA>
      <SFA>
        <FILEPATH>C:\Users\Aleksandr\source\repos\RGR Big Number\RGR Big Number\</FILEPATH>
        <FILENAME>BigNumber.cpp</FILENAME>
        <LINE>121</LINE>
        <COLUMN>15</COLUMN>
      </SFA>
      <SFA>
        <FILEPATH>C:\Users\Aleksandr\source\repos\RGR Big Number\RGR Big Number\</FILEPATH>
        <FILENAME>BigNumber.cpp</FILENAME>
        <LINE>121</LINE>
        <COLUMN>24</COLUMN>
        <KEYEVENT>
          <ID>2</ID>
          <KIND>branch</KIND>
          <IMPORTANCE>Full</IMPORTANCE>
          <MESSAGE>Войти в этот цикл (предполагается "i&lt;size")</MESSAGE>
        </KEYEVENT>
      </SFA>
      <SFA>
        <FILEPATH>C:\Users\Aleksandr\source\repos\RGR Big Number\RGR Big Number\</FILEPATH>
        <FILENAME>BigNumber.cpp</FILENAME>
        <LINE>122</LINE>
        <COLUMN>16</COLUMN>
      </SFA>
      <SFA>
        <FILEPATH>C:\Users\Aleksandr\source\repos\RGR Big Number\RGR Big Number\</FILEPATH>
        <FILENAME>BigNumber.cpp</FILENAME>
        <LINE>121</LINE>
        <COLUMN>33</COLUMN>
        <KEYEVENT>
          <ID>3</ID>
          <KIND>declaration</KIND>
          <IMPORTANCE>Essential</IMPORTANCE>
          <MESSAGE>"i" может быть равно 1</MESSAGE>
        </KEYEVENT>
      </SFA>
      <SFA>
        <FILEPATH>C:\Users\Aleksandr\source\repos\RGR Big Number\RGR Big Number\</FILEPATH>
        <FILENAME>BigNumber.cpp</FILENAME>
        <LINE>121</LINE>
        <COLUMN>24</COLUMN>
        <KEYEVENT>
          <ID>4</ID>
          <KIND>branch</KIND>
          <IMPORTANCE>Full</IMPORTANCE>
          <MESSAGE>Продолжить этот цикл (предполагается "i&lt;size")</MESSAGE>
        </KEYEVENT>
      </SFA>
      <SFA>
        <FILEPATH>C:\Users\Aleksandr\source\repos\RGR Big Number\RGR Big Number\</FILEPATH>
        <FILENAME>BigNumber.cpp</FILENAME>
        <LINE>122</LINE>
        <COLUMN>16</COLUMN>
        <KEYEVENT>
          <ID>5</ID>
          <KIND>declaration</KIND>
          <IMPORTANCE>Full</IMPORTANCE>
          <MESSAGE>"i" является аргументом ввода-вывода для "BigNumber::[]" (объявлено в c:\users\aleksandr\source\repos\rgr big number\rgr big number\bignumber.h: 38)</MESSAGE>
        </KEYEVENT>
      </SFA>
      <SFA>
        <FILEPATH>C:\Users\Aleksandr\source\repos\RGR Big Number\RGR Big Number\</FILEPATH>
        <FILENAME>BigNumber.cpp</FILENAME>
        <LINE>122</LINE>
        <COLUMN>16</COLUMN>
        <KEYEVENT>
          <ID>6</ID>
          <KIND>usage</KIND>
          <IMPORTANCE>Essential</IMPORTANCE>
          <MESSAGE>Недопустимая операция записи в "number[1]" (доступный для записи диапазон: от 0 до 0)</MESSAGE>
        </KEYEVENT>
      </SFA>
    </PATH>
  </DEFECT>
</DEFECTS>